BigBear.ai Holdings Inc;BBAI;Estados Unidos
Ford Motor Co;F;Estados Unidos
Pfizer Inc;PFE;Estados Unidos
Snap Inc;SNAP;Estados Unidos
NIO Inc ADR;NIO;Estados Unidos
Kenvue Inc;KVUE;Estados Unidos
Nu Holdings Ltd;NU;Estados Unidos
AT&T, Inc;T;Estados Unidos
Transocean Ltd;RIG;Estados Unidos
Archer Aviation Inc;ACHR;Estados Unidos
Bank Of America Corp;BAC;Estados Unidos
Vale S.A. ADR;VALE;Estados Unidos
Banco Bradesco S.A. ADR;BBD;Estados Unidos
D-Wave Quantum Inc;QBTS;Estados Unidos
AMC Entertainment Holdings Inc;AMC;Estados Unidos
Verizon Communications Inc;VZ;Estados Unidos
Nokia Corp ADR;NOK;Estados Unidos
Ambev S.A. ADR;ABEV;Estados Unidos
Oracle Corp;ORCL;Estados Unidos
Rocket Companies Inc;RKT;Estados Unidos
UiPath Inc;PATH;Estados Unidos
NuScale Power Corporation;SMR;Estados Unidos
Hecla Mining Co;HL;Estados Unidos
Joby Aviation Inc;JOBY;Estados Unidos
First Majestic Silver Corporation;AG;Estados Unidos
Itau Unibanco Holding S.A. ADR;ITUB;Estados Unidos
PG&E Corp;PCG;Estados Unidos
Coeur Mining Inc;CDE;Estados Unidos
Novo Nordisk ADR;NVO;Estados Unidos
Hewlett Packard Enterprise Co;HPE;Estados Unidos
Petroleo Brasileiro S.A. Petrobras ADR;PBR;Estados Unidos
Redwire Corporation;RDW;Estados Unidos
Uber Technologies Inc;UBER;Estados Unidos
Carnival Corp;CCL;Estados Unidos
Hims & Hers Health Inc;HIMS;Estados Unidos
Coupang Inc;CPNG;Estados Unidos
T1 Energy Inc;TE;Estados Unidos
IonQ Inc;IONQ;Estados Unidos
Freeport-McMoRan Inc;FCX;Estados Unidos
Chipotle Mexican Grill;CMG;Estados Unidos
Norwegian Cruise Line Holdings Ltd;NCLH;Estados Unidos
Baytex Energy Corp;BTE;Estados Unidos
Exxon Mobil Corp;XOM;Estados Unidos
SLB Ltd;SLB;Estados Unidos
Compass Inc;COMP;Estados Unidos
Coca-Cola Co;KO;Estados Unidos
Nike, Inc;NKE;Estados Unidos
Kosmos Energy Ltd;KOS;Estados Unidos
Blue Owl Capital Inc;OWL;Estados Unidos
Gerdau S.A. ADR;GGB;Estados Unidos
Cleveland-Cliffs Inc;CLF;Estados Unidos
HP Inc;HPQ;Estados Unidos
Pinterest Inc;PINS;Estados Unidos
Barrick Mining Corp;B;Estados Unidos
Keycorp;KEY;Estados Unidos
Energy Transfer LP;ET;Estados Unidos
Endeavour Silver Corp;EXK;Estados Unidos
Lithium Americas Corp (NewCo);LAC;Estados Unidos
Wells Fargo & Co;WFC;Estados Unidos
UWM Holdings Corporation;UWMC;Estados Unidos
Infosys Ltd ADR;INFY;Estados Unidos
ServiceNow Inc;NOW;Estados Unidos
Bristol-Myers Squibb Co;BMY;Estados Unidos
Merck & Co Inc;MRK;Estados Unidos
Stellantis N.V;STLA;Estados Unidos
Citigroup Inc;C;Estados Unidos
Unity Software Inc;U;Estados Unidos
fuboTV Inc;FUBO;Estados Unidos
Kinder Morgan Inc;KMI;Estados Unidos
Lumen Technologies Inc;LUMN;Estados Unidos
Boston Scientific Corp;BSX;Estados Unidos
Regions Financial Corp;RF;Estados Unidos
Taiwan Semiconductor Manufacturing ADR;TSM;Estados Unidos
CNH Industrial NV;CNH;Estados Unidos
Clearwater Analytics Holdings Inc;CWAN;Estados Unidos
Bloom Energy Corp;BE;Estados Unidos
Alight Inc;ALIT;Estados Unidos
Halliburton Co;HAL;Estados Unidos
Dow Inc;DOW;Estados Unidos
VICI Properties Inc;VICI;Estados Unidos
Planet Labs PBC;PL;Estados Unidos
Circle Internet Group Inc;CRCL;Estados Unidos
Under Armour Inc;UAA;Estados Unidos
Cenovus Energy Inc;CVE;Estados Unidos
Oklo Inc;OKLO;Estados Unidos
Alibaba Group Holding Ltd ADR;BABA;Estados Unidos
Venture Global Inc;VG;Estados Unidos
Avantor Inc;AVTR;Estados Unidos
Walt Disney Co;DIS;Estados Unidos
Conagra Brands Inc;CAG;Estados Unidos
Lloyds Banking Group plc ADR;LYG;Estados Unidos
Procter & Gamble Co;PG;Estados Unidos
Roblox Corporation;RBLX;Estados Unidos
United Micro Electronics ADR;UMC;Estados Unidos
Elme Communities;ELME;Estados Unidos
Chevron Corp;CVX;Estados Unidos
JPMorgan Chase & Co;JPM;Estados Unidos
Permian Resources Holdings Inc;PR;Estados Unidos
U.S. Bancorp;USB;Estados Unidos
Charles Schwab Corp;SCHW;Estados Unidos
Occidental Petroleum Corp;OXY;Estados Unidos
Southwest Airlines Co;LUV;Estados Unidos
Teva- Pharmaceutical Industries Ltd. ADR;TEVA;Estados Unidos
Toast Inc;TOST;Estados Unidos
Oscar Health Inc;OSCR;Estados Unidos
Salesforce Inc;CRM;Estados Unidos
Kinross Gold Corp;KGC;Estados Unidos
Altria Group Inc;MO;Estados Unidos
NextEra Energy Inc;NEE;Estados Unidos
Amphenol Corp;APH;Estados Unidos
EQT Corp;EQT;Estados Unidos
Devon Energy Corp;DVN;Estados Unidos
Newmont Corp;NEM;Estados Unidos
Coterra Energy Inc;CTRA;Estados Unidos
Johnson & Johnson;JNJ;Estados Unidos
Abbott Laboratories;ABT;Estados Unidos
General Motors Company;GM;Estados Unidos
Baxter International Inc;BAX;Estados Unidos
SentinelOne Inc;S;Estados Unidos
Truist Financial Corporation;TFC;Estados Unidos
Healthpeak Properties Inc;DOC;Estados Unidos
Albertsons Companies Inc;ACI;Estados Unidos
Haleon plc ADR;HLN;Estados Unidos
Canadian Natural Resources Ltd;CNQ;Estados Unidos
Unitedhealth Group Inc;UNH;Estados Unidos
ADT Inc;ADT;Estados Unidos
Forgent Power Solutions Inc;FPS;Estados Unidos
Petroleo Brasileiro S.A. Petrobras ADR;PBR-A;Estados Unidos
BP plc ADR;BP;Estados Unidos
NexGen Energy Ltd;NXE;Estados Unidos
Wipro Ltd. ADR;WIT;Estados Unidos
MP Materials Corporation;MP;Estados Unidos
CVS Health Corp;CVS;Estados Unidos
Boeing Co;BA;Estados Unidos
Figma Inc;FIG;Estados Unidos
Agilon Health Inc;AGL;Estados Unidos
AES Corp;AES;Estados Unidos
Full Truck Alliance Co Ltd ADR;YMM;Estados Unidos
Sable Offshore Corp;SOC;Estados Unidos
Iamgold Corp;IAG;Estados Unidos
Annaly Capital Management Inc;NLY;Estados Unidos
QXO Inc;QXO;Estados Unidos
Carrier Global Corp;CARR;Estados Unidos
XPeng Inc ADR;XPEV;Estados Unidos
Western Union Company;WU;Estados Unidos
Gap, Inc;GAP;Estados Unidos
Arista Networks Inc;ANET;Estados Unidos
BlackBerry Ltd;BB;Estados Unidos
Conoco Phillips;COP;Estados Unidos
Delta Air Lines, Inc;DAL;Estados Unidos
Medtronic Plc;MDT;Estados Unidos
Fortuna Mining Corp;FSM;Estados Unidos
Coty Inc;COTY;Estados Unidos
Rithm Capital Corporation;RITM;Estados Unidos
Pan American Silver Corp;PAAS;Estados Unidos
CRH Plc;CRH;Estados Unidos
PPL Corp;PPL;Estados Unidos
General Mills, Inc;GIS;Estados Unidos
Gamestop Corporation;GME;Estados Unidos
Chewy Inc;CHWY;Estados Unidos
Zeta Global Holdings Corp;ZETA;Estados Unidos
Corning, Inc;GLW;Estados Unidos
ASE Technology Holding Co.Ltd ADR;ASX;Estados Unidos
Visa Inc;V;Estados Unidos
Block Inc;XYZ;Estados Unidos
Samsara Inc;IOT;Estados Unidos
Williams Cos Inc;WMB;Estados Unidos
American Eagle Outfitters Inc;AEO;Estados Unidos
Weyerhaeuser Co;WY;Estados Unidos
Alcoa Corp;AA;Estados Unidos
Bath & Body Works Inc;BBWI;Estados Unidos
Target Corp;TGT;Estados Unidos
Nuvation Bio Inc;NUVB;Estados Unidos
ST Microelectronics;STM;Estados Unidos
Sibanye Stillwater Limited ADR;SBSW;Estados Unidos
Dell Technologies Inc;DELL;Estados Unidos
Mosaic Company;MOS;Estados Unidos
Amprius Technologies Inc;AMPX;Estados Unidos
DigitalBridge Group Inc;DBRG;Estados Unidos
Kroger Co;KR;Estados Unidos
Banco Santander S.A. ADR;SAN;Estados Unidos
Macy's Inc;M;Estados Unidos
VF Corp;VFC;Estados Unidos
Centene Corp;CNC;Estados Unidos
Colgate-Palmolive Co;CL;Estados Unidos
Cemex S.A.B. De C.V. ADR;CX;Estados Unidos
Orchid Island Capital Inc;ORC;Estados Unidos
Abbvie Inc;ABBV;Estados Unidos
Morgan Stanley;MS;Estados Unidos
SES AI Corporation;SES;Estados Unidos
Realty Income Corp;O;Estados Unidos
Telus Corp;TU;Estados Unidos
Medical Properties Trust Inc;MPT;Estados Unidos
Vertiv Holdings Co;VRT;Estados Unidos
C3.ai Inc;AI;Estados Unidos
Nextdoor Holdings Inc;NXDR;Estados Unidos
Primo Brands Corp;PRMB;Estados Unidos
Dominion Energy Inc;D;Estados Unidos
James Hardie Industries plc;JHX;Estados Unidos
Infleqtion Inc;INFQ;Estados Unidos
First Horizon Corporation;FHN;Estados Unidos
Invitation Homes Inc;INVH;Estados Unidos
ICICI Bank Ltd. ADR;IBN;Estados Unidos
Genius Sports Limited;GENI;Estados Unidos
United Parcel Service, Inc;UPS;Estados Unidos
International Paper Co;IP;Estados Unidos
Clarivate Plc;CLVT;Estados Unidos
LyondellBasell Industries NV;LYB;Estados Unidos
Under Armour Inc;UA;Estados Unidos
Southern Company;SO;Estados Unidos
Graphic Packaging Holding Co;GPK;Estados Unidos
Smurfit WestRock plc;SW;Estados Unidos
Las Vegas Sands Corp;LVS;Estados Unidos
Americold Realty Trust Inc;COLD;Estados Unidos
Teladoc Health Inc;TDOC;Estados Unidos
Antero Resources Corp;AR;Estados Unidos
Philip Morris International Inc;PM;Estados Unidos
Invesco Ltd;IVZ;Estados Unidos
Dynex Capital, Inc;DX;Estados Unidos
Barclays plc ADR;BCS;Estados Unidos
Snowflake Inc;SNOW;Estados Unidos
Borr Drilling Ltd;BORR;Estados Unidos
Crescent Energy Co;CRGY;Estados Unidos
Johnson Controls International plc;JCI;Estados Unidos
Butterfly Network Inc;BFLY;Estados Unidos
Tencent Music Entertainment Group ADR;TME;Estados Unidos
Lennar Corp;LEN;Estados Unidos
Corebridge Financial Inc;CRBG;Estados Unidos
TJX Companies, Inc;TJX;Estados Unidos
Blue Owl Capital Corp;OBDC;Estados Unidos
Organon & Co;OGN;Estados Unidos
Hudbay Minerals Inc;HBM;Estados Unidos
Sony Group Corporation ADR;SONY;Estados Unidos
Huntsman Corp;HUN;Estados Unidos
RTX Corp;RTX;Estados Unidos
F.N.B. Corp;FNB;Estados Unidos
GE Aerospace;GE;Estados Unidos
Dauch Corp;DCH;Estados Unidos
Vistra Corp;VST;Estados Unidos
KKR & Co. Inc;KKR;Estados Unidos
Zoetis Inc;ZTS;Estados Unidos
Wheels Up Experience Inc;UP;Estados Unidos
HDFC Bank Ltd. ADR;HDB;Estados Unidos
Sea Ltd ADR;SE;Estados Unidos
Amcor Plc;AMCR;Estados Unidos
Shell Plc ADR;SHEL;Estados Unidos
DuPont de Nemours Inc;DD;Estados Unidos
Aegon Ltd;AEG;Estados Unidos
Flagstar Bank NA;FLG;Estados Unidos
Reddit Inc;RDDT;Estados Unidos
Kimco Realty Corporation;KIM;Estados Unidos
Citizens Financial Group Inc;CFG;Estados Unidos
Centerpoint Energy Inc;CNP;Estados Unidos
On Holding AG;ONON;Estados Unidos
Elanco Animal Health Inc;ELAN;Estados Unidos
Omnicom Group, Inc;OMC;Estados Unidos
American International Group Inc;AIG;Estados Unidos
Brown-Forman Corp;BF-B;Estados Unidos
Hormel Foods Corp;HRL;Estados Unidos
GSK Plc ADR;GSK;Estados Unidos
Coherent Corp;COHR;Estados Unidos
Franklin Resources, Inc;BEN;Estados Unidos
Berkshire Hathaway Inc;BRK-B;Estados Unidos
Firstenergy Corp;FE;Estados Unidos
KE Holdings Inc ADR;BEKE;Estados Unidos
Suncor Energy, Inc;SU;Estados Unidos
Zim Integrated Shipping Services Ltd;ZIM;Estados Unidos
Blackstone Inc;BX;Estados Unidos
Capital One Financial Corp;COF;Estados Unidos
Kohl's Corp;KSS;Estados Unidos
JBS N.V;JBS;Estados Unidos
Algonquin Power & Utilities Corp;AQN;Estados Unidos
SM Energy Co;SM;Estados Unidos
Home Depot, Inc;HD;Estados Unidos
FMC Corp;FMC;Estados Unidos
Brookfield Corporation;BN;Estados Unidos
Enbridge Inc;ENB;Estados Unidos
Dynatrace Inc;DT;Estados Unidos
Equinor ASA ADR;EQNR;Estados Unidos
Accenture plc;ACN;Estados Unidos
MGM Resorts International;MGM;Estados Unidos
International Business Machines Corp;IBM;Estados Unidos
Asana Inc;ASAN;Estados Unidos
Brookdale Senior Living Inc;BKD;Estados Unidos
Best Buy Co. Inc;BBY;Estados Unidos
Harmony Gold Mining Co Ltd ADR;HMY;Estados Unidos
Virgin Galactic Holdings Inc;SPCE;Estados Unidos
Flowers Foods, Inc;FLO;Estados Unidos
Coursera Inc;COUR;Estados Unidos
Sweetgreen Inc;SG;Estados Unidos
Teck Resources Ltd;TECK;Estados Unidos
Dutch Bros Inc;BROS;Estados Unidos
PagSeguro Digital Ltd;PAGS;Estados Unidos
Bellring Brands Inc;BRBR;Estados Unidos
Oneok Inc;OKE;Estados Unidos
Carvana Co;CVNA;Estados Unidos
Enterprise Products Partners L P;EPD;Estados Unidos
Kyndryl Holdings Inc;KD;Estados Unidos
NOV Inc;NOV;Estados Unidos
Synchrony Financial;SYF;Estados Unidos
Brandywine Realty Trust;BDN;Estados Unidos
EOG Resources, Inc;EOG;Estados Unidos
Cameco Corp;CCJ;Estados Unidos
Pure Storage Inc;PSTG;Estados Unidos
Tronox Holdings plc;TROX;Estados Unidos
Amrize Ltd;AMRZ;Estados Unidos
Liberty Energy Inc;LBRT;Estados Unidos
Axalta Coating Systems Ltd;AXTA;Estados Unidos
Warby Parker Inc;WRBY;Estados Unidos
British American Tobacco Plc ADR;BTI;Estados Unidos
Amer Sports Inc;AS;Estados Unidos
Cia Energetica DE Minas Gerais - Cemig ADR;CIG;Estados Unidos
Sempra;SRE;Estados Unidos
LoanDepot Inc;LDI;Estados Unidos
Hawaiian Electric Industries, Inc;HE;Estados Unidos
Rubrik Inc;RBRK;Estados Unidos
Cloudflare Inc;NET;Estados Unidos
Ready Capital Corp;RC;Estados Unidos
Surf Air Mobility Inc;SRFM;Estados Unidos
Carmax Inc;KMX;Estados Unidos
Genworth Financial Inc;GNW;Estados Unidos
Ovintiv Inc;OVV;Estados Unidos
UDR Inc;UDR;Estados Unidos
Edwards Lifesciences Corp;EW;Estados Unidos
Mizuho Financial Group, Inc. ADR;MFG;Estados Unidos
WisdomTree Inc;WT;Estados Unidos
Duke Energy Corp;DUK;Estados Unidos
Corteva Inc;CTVA;Estados Unidos
Danaher Corp;DHR;Estados Unidos
Estee Lauder Cos., Inc;EL;Estados Unidos
NiSource Inc;NI;Estados Unidos
Clear Channel Outdoor Holdings Inc;CCO;Estados Unidos
Arbor Realty Trust Inc;ABR;Estados Unidos
Fidelity National Information Services, Inc;FIS;Estados Unidos
Rio Tinto plc ADR;RIO;Estados Unidos
Intercontinental Exchange Inc;ICE;Estados Unidos
Fortive Corp;FTV;Estados Unidos
Mitsubishi UFJ Financial Group, Inc. ADR;MUFG;Estados Unidos
BHP Group Limited ADR;BHP;Estados Unidos
Park Hotels & Resorts Inc;PK;Estados Unidos
Companhia Siderurgica Nacional ADR;SID;Estados Unidos
3D Systems Corp;DDD;Estados Unidos
Sysco Corp;SYY;Estados Unidos
Bank Of New York Mellon Corp;BK;Estados Unidos
Cava Group Inc;CAVA;Estados Unidos
Offerpad Solutions Inc;OPAD;Estados Unidos
GCT Semiconductor Holding Inc;GCTS;Estados Unidos
TAL Education Group ADR;TAL;Estados Unidos
Dollar General Corp;DG;Estados Unidos
Ares Management Corp;ARES;Estados Unidos
Metlife Inc;MET;Estados Unidos
American Homes 4 Rent;AMH;Estados Unidos
Prologis Inc;PLD;Estados Unidos
Stubhub Holdings Inc;STUB;Estados Unidos
McCormick & Co., Inc;MKC;Estados Unidos
Ingersoll-Rand Inc;IR;Estados Unidos
Energy Vault Holdings Inc;NRGV;Estados Unidos
Mastercard Incorporated;MA;Estados Unidos
Doximity Inc;DOCS;Estados Unidos
3M Co;MMM;Estados Unidos
CIENA Corp;CIEN;Estados Unidos
Starwood Property Trust Inc;STWD;Estados Unidos
Progressive Corp;PGR;Estados Unidos
Alaska Air Group Inc;ALK;Estados Unidos
Welltower Inc;WELL;Estados Unidos
Apollo Global Management Inc;APO;Estados Unidos
ARMOUR Residential REIT Inc;ARR;Estados Unidos
York Space Systems Inc;YSS;Estados Unidos
Sealed Air Corp;SEE;Estados Unidos
Union Pacific Corp;UNP;Estados Unidos
Ally Financial Inc;ALLY;Estados Unidos
Healthcare Realty Trust Inc;HR;Estados Unidos
Archer Daniels Midland Co;ADM;Estados Unidos
Lithium Argentina AG;LAR;Estados Unidos
Etsy Inc;ETSY;Estados Unidos
Cinemark Holdings Inc;CNK;Estados Unidos
Klaviyo Inc;KVYO;Estados Unidos
Alamos Gold Inc;AGI;Estados Unidos
BorgWarner Inc;BWA;Estados Unidos
Blend Labs Inc;BLND;Estados Unidos
McDonald's Corp;MCD;Estados Unidos
Bob's Discount Furniture Inc;BOBS;Estados Unidos
Albemarle Corp;ALB;Estados Unidos
Lilly(Eli) & Co;LLY;Estados Unidos
Perrigo Company plc;PRGO;Estados Unidos
GE Vernova Inc;GEV;Estados Unidos
Molson Coors Beverage Company;TAP;Estados Unidos
D.R. Horton Inc;DHI;Estados Unidos
Gold Fields Ltd ADR;GFI;Estados Unidos
Valero Energy Corp;VLO;Estados Unidos
BCE Inc;BCE;Estados Unidos
American Tower Corp;AMT;Estados Unidos
Evolent Health Inc;EVH;Estados Unidos
Knight-Swift Transportation Holdings Inc;KNX;Estados Unidos
Edison International;EIX;Estados Unidos
Otis Worldwide Corp;OTIS;Estados Unidos
Callaway Golf Co;CALY;Estados Unidos
Frontline Plc;FRO;Estados Unidos
TechnipFMC plc;FTI;Estados Unidos
Range Resources Corp;RRC;Estados Unidos
Crown Castle Inc;CCI;Estados Unidos
Two Harbors Investment Corp;TWO;Estados Unidos
Emerson Electric Co;EMR;Estados Unidos
Babcock & Wilcox Enterprises Inc;BW;Estados Unidos
Biohaven Ltd;BHVN;Estados Unidos
StandardAero Inc;SARO;Estados Unidos
Deckers Outdoor Corp;DECK;Estados Unidos
PBF Energy Inc;PBF;Estados Unidos
Harley-Davidson, Inc;HOG;Estados Unidos
Eaton Corporation plc;ETN;Estados Unidos
RELX Plc ADR;RELX;Estados Unidos
Jumia Technologies Ag ADR;JMIA;Estados Unidos
Ventas Inc;VTR;Estados Unidos
Unilever plc ADR;UL;Estados Unidos
Lowe's Cos., Inc;LOW;Estados Unidos
Aramark;ARMK;Estados Unidos
Wayfair Inc;W;Estados Unidos
Global Payments, Inc;GPN;Estados Unidos
Tyson Foods, Inc;TSN;Estados Unidos
Brown & Brown, Inc;BRO;Estados Unidos
BILL Holdings Inc;BILL;Estados Unidos
Flutter Entertainment Plc;FLUT;Estados Unidos
Nordic American Tankers Ltd;NAT;Estados Unidos
Celestica, Inc;CLS;Estados Unidos
Brixmor Property Group Inc;BRX;Estados Unidos
Takeda Pharmaceutical Co ADR;TAK;Estados Unidos
Olin Corp;OLN;Estados Unidos
Public Service Enterprise Group Inc;PEG;Estados Unidos
Capri Holdings Ltd;CPRI;Estados Unidos
Six Flags Entertainment Corp;FUN;Estados Unidos
SEMrush Holdings Inc;SEMR;Estados Unidos
Mirion Technologies Inc;MIR;Estados Unidos
Klarna Group plc;KLAR;Estados Unidos
Restaurant Brands International Inc;QSR;Estados Unidos
W.R. Berkley Corp;WRB;Estados Unidos
Marsh;MRSH;Estados Unidos
Peabody Energy Corp;BTU;Estados Unidos
American Express Co;AXP;Estados Unidos
Solaris Energy Infrastructure Inc;SEI;Estados Unidos
Alexandria Real Estate Equities Inc;ARE;Estados Unidos
Pagerduty Inc;PD;Estados Unidos
Chemours Company;CC;Estados Unidos
AngloGold Ashanti Plc;AU;Estados Unidos
Nutrien Ltd;NTR;Estados Unidos
Fluor Corporation;FLR;Estados Unidos
Lionsgate Studios Corp;LION;Estados Unidos
Live Nation Entertainment Inc;LYV;Estados Unidos
Antero Midstream Corp;AM;Estados Unidos
Caterpillar Inc;CAT;Estados Unidos
Rollins, Inc;ROL;Estados Unidos
Equitable Holdings Inc;EQH;Estados Unidos
US Foods Holding Corp;USFD;Estados Unidos
Comstock Resources, Inc;CRK;Estados Unidos
Lamb Weston Holdings Inc;LW;Estados Unidos
Eversource Energy;ES;Estados Unidos
ACV Auctions Inc;ACVA;Estados Unidos
Tapestry Inc;TPR;Estados Unidos
Independence Realty Trust Inc;IRT;Estados Unidos
Spotify Technology S.A;SPOT;Estados Unidos
Envista Holdings Corp;NVST;Estados Unidos
Entergy Corp;ETR;Estados Unidos
NatWest Group Plc ADR;NWG;Estados Unidos
Becton Dickinson & Co;BDX;Estados Unidos
Vestis Corp;VSTS;Estados Unidos
Brookfield Asset Management Ltd;BAM;Estados Unidos
Birkenstock Holding Plc;BIRK;Estados Unidos
Booz Allen Hamilton Holding Corp;BAH;Estados Unidos
Ecopetrol SA ADR;EC;Estados Unidos
Constellation Brands Inc;STZ;Estados Unidos
CMS Energy Corporation;CMS;Estados Unidos
Agnico Eagle Mines Ltd;AEM;Estados Unidos
Deutsche Bank AG;DB;Estados Unidos
ProPetro Holding Corp;PUMP;Estados Unidos
Magnolia Oil & Gas Corp;MGY;Estados Unidos
FS KKR Capital Corp;FSK;Estados Unidos
Masco Corp;MAS;Estados Unidos
Robert Half Inc;RHI;Estados Unidos
American Healthcare REIT Inc;AHR;Estados Unidos
BitGo Holdings Inc;BTGO;Estados Unidos
Amentum Holdings Inc;AMTM;Estados Unidos
Box Inc;BOX;Estados Unidos
HF Sinclair Corp;DINO;Estados Unidos
Howmet Aerospace Inc;HWM;Estados Unidos
Church & Dwight Co., Inc;CHD;Estados Unidos
Equity Residential Properties Trust;EQR;Estados Unidos
Ball Corp;BALL;Estados Unidos
Suzano S.A. ADR;SUZ;Estados Unidos
Vipshop Holdings Ltd ADR;VIPS;Estados Unidos
Valvoline Inc;VVV;Estados Unidos
Dingdong (Cayman) Ltd ADR;DDL;Estados Unidos
Optimum Communications Inc;OPTU;Estados Unidos
Twilio Inc;TWLO;Estados Unidos
Figs Inc;FIGS;Estados Unidos
Floor & Decor Holdings Inc;FND;Estados Unidos
Webster Financial Corp;WBS;Estados Unidos
Rexford Industrial Realty Inc;REXR;Estados Unidos
Super Group (SGHC) Limited;SGHC;Estados Unidos
RXO Inc;RXO;Estados Unidos
Aflac Inc;AFL;Estados Unidos
Lemonade Inc;LMND;Estados Unidos
Phillips 66;PSX;Estados Unidos
Apple Hospitality REIT Inc;APLE;Estados Unidos
Viking Holdings Ltd;VIK;Estados Unidos
PNC Financial Services Group Inc;PNC;Estados Unidos
Gates Industrial Corporation plc;GTES;Estados Unidos
Clorox Co;CLX;Estados Unidos
Royal Caribbean Group;RCL;Estados Unidos
Rayonier Inc;RYN;Estados Unidos
TIC Solutions Inc;TIC;Estados Unidos
Toronto Dominion Bank;TD;Estados Unidos
Douglas Emmett Inc;DEI;Estados Unidos
Canadian Pacific Kansas City Limited;CP;Estados Unidos
Bausch Health Companies Inc;BHC;Estados Unidos
Banc of California Inc;BANC;Estados Unidos
Core & Main Inc;CNM;Estados Unidos
Atlas Energy Solutions Inc;AESI;Estados Unidos
Carnival plc ADR;CUK;Estados Unidos
Element Solutions Inc;ESI;Estados Unidos
America Movil S.A.B.DE C.V. ADR;AMX;Estados Unidos
UGI Corp;UGI;Estados Unidos
Millrose Properties Inc;MRP;Estados Unidos
TransUnion;TRU;Estados Unidos
Victoria's Secret & Co;VSCO;Estados Unidos
Qnity Electronics Inc;Q;Estados Unidos
Murphy Oil Corp;MUR;Estados Unidos
DigitalOcean Holdings Inc;DOCN;Estados Unidos
DoubleVerify Holdings Inc;DV;Estados Unidos
CF Industries Holdings Inc;CF;Estados Unidos
Darling Ingredients Inc;DAR;Estados Unidos
Magnum Ice Cream Company N.V;MICC;Estados Unidos
Sap SE ADR;SAP;Estados Unidos
AGI Inc;AGBK;Estados Unidos
Aptiv PLC;APTV;Estados Unidos
Goldman Sachs Group, Inc;GS;Estados Unidos
Performance Food Group Company;PFGC;Estados Unidos
nVent Electric plc;NVT;Estados Unidos
Marathon Petroleum Corp;MPC;Estados Unidos
ING Groep N.V. ADR;ING;Estados Unidos
DXC Technology Co;DXC;Estados Unidos
Iron Mountain Inc;IRM;Estados Unidos
UBS Group AG;UBS;Estados Unidos
WEC Energy Group Inc;WEC;Estados Unidos
APi Group Corporation;APG;Estados Unidos
Bullish;BLSH;Estados Unidos
Invesco Mortgage Capital Inc;IVR;Estados Unidos
CubeSmart;CUBE;Estados Unidos
Pitney Bowes, Inc;PBI;Estados Unidos
TC Energy Corporation;TRP;Estados Unidos
MDU Resources Group Inc;MDU;Estados Unidos
Camping World Holdings Inc;CWH;Estados Unidos
Zimmer Biomet Holdings Inc;ZBH;Estados Unidos
CMB.Tech NV;CMBT;Estados Unidos
Sprinklr Inc;CXM;Estados Unidos
Associated Banc-Corp;ASB;Estados Unidos
Wheaton Precious Metals Corp;WPM;Estados Unidos
S&P Global Inc;SPGI;Estados Unidos
RPC, Inc;RES;Estados Unidos
Cosan S.A ADR;CSAN;Estados Unidos
Levi Strauss & Co;LEVI;Estados Unidos
Northern Oil and Gas Inc;NOG;Estados Unidos
DHT Holdings Inc;DHT;Estados Unidos
CNX Resources Corp;CNX;Estados Unidos
Manulife Financial Corp;MFC;Estados Unidos
Thermo Fisher Scientific Inc;TMO;Estados Unidos
TE Connectivity plc;TEL;Estados Unidos
Anheuser-Busch InBev SA/NV ADR;BUD;Estados Unidos
PPG Industries, Inc;PPG;Estados Unidos
Eldorado Gold Corp;EGO;Estados Unidos
Celanese Corp;CE;Estados Unidos
O-I Glass Inc;OI;Estados Unidos
Fortune Brands Innovations Inc;FBIN;Estados Unidos
Waste Management, Inc;WM;Estados Unidos
Dnow Inc;DNOW;Estados Unidos
NCR Voyix Corp;VYX;Estados Unidos
RLX Technology Inc ADR;RLX;Estados Unidos
Builders Firstsource Inc;BLDR;Estados Unidos
Consolidated Edison, Inc;ED;Estados Unidos
Abercrombie & Fitch Co;ANF;Estados Unidos
Digital Realty Trust Inc;DLR;Estados Unidos
Yum Brands Inc;YUM;Estados Unidos
Arthur J. Gallagher & Co;AJG;Estados Unidos
ZTO Express (Cayman) Inc ADR;ZTO;Estados Unidos
Agilent Technologies Inc;A;Estados Unidos
BJ's Wholesale Club Holdings Inc;BJ;Estados Unidos
Sumitomo Mitsui Financial Group Inc ADR;SMFG;Estados Unidos
State Street Corp;STT;Estados Unidos
Qiagen NV;QGEN;Estados Unidos
New York Times Co;NYT;Estados Unidos
MGIC Investment Corp;MTG;Estados Unidos
Osisko Development Corp;ODV;Estados Unidos
H&R Block Inc;HRB;Estados Unidos
Vishay Intertechnology, Inc;VSH;Estados Unidos
Sunstone Hotel Investors Inc;SHO;Estados Unidos
e.l.f. Beauty Inc;ELF;Estados Unidos
Life Time Group Holdings Inc;LTH;Estados Unidos
Pebblebrook Hotel Trust;PEB;Estados Unidos
Cushman & Wakefield Ltd;CWK;Estados Unidos
Tetra Technologies, Inc;TTI;Estados Unidos
Axia Energia ADR;AXIA;Estados Unidos
International Flavors & Fragrances Inc;IFF;Estados Unidos
Once Upon a Farm PBC;OFRM;Estados Unidos
Blackstone Secured Lending Fund;BXSL;Estados Unidos
Noble Corp Plc;NE;Estados Unidos
Essential Utilities Inc;WTRG;Estados Unidos
TREX Co., Inc;TREX;Estados Unidos
Talos Energy Inc;TALO;Estados Unidos
HUYA Inc ADR;HUYA;Estados Unidos
Cardinal Health, Inc;CAH;Estados Unidos
Jefferies Financial Group Inc;JEF;Estados Unidos
LendingClub Corp;LC;Estados Unidos
Omega Healthcare Investors, Inc;OHI;Estados Unidos
Veeva Systems Inc;VEEV;Estados Unidos
Valens Semiconductor Ltd;VLN;Estados Unidos
Genpact Ltd;G;Estados Unidos
HSBC Holdings plc ADR;HSBC;Estados Unidos
Bank Of Nova Scotia;BNS;Estados Unidos
Prudential Financial Inc;PRU;Estados Unidos
Ellington Financial Inc;EFC;Estados Unidos
Humana Inc;HUM;Estados Unidos
Herbalife Ltd;HLF;Estados Unidos
NRG Energy Inc;NRG;Estados Unidos
Leggett & Platt, Inc;LEG;Estados Unidos
Advance Auto Parts Inc;AAP;Estados Unidos
Cheniere Energy Inc;LNG;Estados Unidos
Eventbrite Inc;EB;Estados Unidos
Karman Holdings Inc;KRMN;Estados Unidos
Procore Technologies Inc;PCOR;Estados Unidos
Novartis AG ADR;NVS;Estados Unidos
Veralto Corp;VLTO;Estados Unidos
Bed Bath & Beyond Inc;BBBY;Estados Unidos
RLJ Lodging Trust;RLJ;Estados Unidos
Kite Realty Group Trust;KRG;Estados Unidos
Shift4 Payments Inc;FOUR;Estados Unidos
PulteGroup Inc;PHM;Estados Unidos
CareTrust REIT Inc;CTRE;Estados Unidos
Macerich Co;MAC;Estados Unidos
Geo Group, Inc;GEO;Estados Unidos
Hershey Company;HSY;Estados Unidos
Burford Capital Limited;BUR;Estados Unidos
Stryker Corp;SYK;Estados Unidos
Hilton Worldwide Holdings Inc;HLT;Estados Unidos
Elastic N.V;ESTC;Estados Unidos
Broadstone Net Lease Inc;BNL;Estados Unidos
Colombier Acquisition Corp III;CLBR-U;Estados Unidos
American Water Works Co. Inc;AWK;Estados Unidos
Southern Copper Corporation;SCCO;Estados Unidos
Apartment Investment & Management Co;AIV;Estados Unidos
Fedex Corp;FDX;Estados Unidos
Old Republic International Corp;ORI;Estados Unidos
Sherwin-Williams Co;SHW;Estados Unidos
Vertical Aerospace Ltd;EVTL;Estados Unidos
Dana Inc;DAN;Estados Unidos
Equifax, Inc;EFX;Estados Unidos
KT Corporation ADR;KT;Estados Unidos
Ameren Corp;AEE;Estados Unidos
Molina Healthcare Inc;MOH;Estados Unidos
BXP Inc;BXP;Estados Unidos
Cousins Properties Inc;CUZ;Estados Unidos
Stanley Black & Decker Inc;SWK;Estados Unidos
Global Net Lease Inc;GNL;Estados Unidos
CBRE Group Inc;CBRE;Estados Unidos
Helix Energy Solutions Group Inc;HLX;Estados Unidos
Nomad Foods Limited;NOMD;Estados Unidos
Chubb Limited;CB;Estados Unidos
Ultrapar Participacoes S.A. ADR;UGP;Estados Unidos
Essential Properties Realty Trust Inc;EPRT;Estados Unidos
RingCentral Inc;RNG;Estados Unidos
Allstate Corp;ALL;Estados Unidos
W & T Offshore Inc;WTI;Estados Unidos
B&G Foods, Inc;BGS;Estados Unidos
XPO Inc;XPO;Estados Unidos
MasterBrand Inc;MBC;Estados Unidos
Ralliant Corp;RAL;Estados Unidos
Terex Corp;TEX;Estados Unidos
Rush Street Interactive Inc;RSI;Estados Unidos
Sally Beauty Holdings Inc;SBH;Estados Unidos
Aspen Aerogels Inc;ASPN;Estados Unidos
Banco Bilbao Vizcaya Argentaria S.A. ADR;BBVA;Estados Unidos
Enviri Corp;NVRI;Estados Unidos
Somnigroup International Inc;SGI;Estados Unidos
Magna International Inc;MGA;Estados Unidos
Textron Inc;TXT;Estados Unidos
Helmerich & Payne, Inc;HP;Estados Unidos
Kilroy Realty Corp;KRC;Estados Unidos
Lincoln National Corp;LNC;Estados Unidos
IQVIA Holdings Inc;IQV;Estados Unidos
Eastman Chemical Co;EMN;Estados Unidos
Voyager Technologies Inc;VOYG;Estados Unidos
Ero Copper Corp;ERO;Estados Unidos
Air Lease Corp;AL;Estados Unidos
Community Health Systems, Inc;CYH;Estados Unidos
Equity Lifestyle Properties Inc;ELS;Estados Unidos
Cigna Group;CI;Estados Unidos
Compania de Minas Buenaventura S.A. ADR;BVN;Estados Unidos
AECOM;ACM;Estados Unidos
Nucor Corp;NUE;Estados Unidos
Inspire Medical Systems Inc;INSP;Estados Unidos
Diageo plc ADR;DEO;Estados Unidos
Lockheed Martin Corp;LMT;Estados Unidos
Teradata Corp;TDC;Estados Unidos
Global Business Travel Group Inc;GBTG;Estados Unidos
GFL Environmental Inc;GFL;Estados Unidos
Accendra Health Inc;ACH;Estados Unidos
Vornado Realty Trust;VNO;Estados Unidos
Weave Communications Inc;WEAV;Estados Unidos
YETI Holdings Inc;YETI;Estados Unidos
Ryan Specialty Holdings Inc;RYAN;Estados Unidos
Janus Henderson Group plc;JHG;Estados Unidos
Vermilion Energy Inc;VET;Estados Unidos
J.M. Smucker Co;SJM;Estados Unidos
ATI Inc;ATI;Estados Unidos
Utz Brands Inc;UTZ;Estados Unidos
MPLX LP;MPLX;Estados Unidos
Centerra Gold Inc;CGAU;Estados Unidos
Pentair plc;PNR;Estados Unidos
Sensata Technologies Holding Plc;ST;Estados Unidos
Arcus Biosciences Inc;RCUS;Estados Unidos
Kodiak Gas Services Inc;KGS;Estados Unidos
Elevance Health Inc;ELV;Estados Unidos
Air Products & Chemicals Inc;APD;Estados Unidos
Darden Restaurants, Inc;DRI;Estados Unidos
Brightstar Lottery PLC;BRSL;Estados Unidos
DTE Energy Co;DTE;Estados Unidos
GPGI Inc;GPGI;Estados Unidos
Phreesia Inc;PHR;Estados Unidos
Godaddy Inc;GDDY;Estados Unidos
Hercules Capital Inc;HTGC;Estados Unidos
Travelers Companies Inc;TRV;Estados Unidos
Blue Owl Technology Finance Corp;OTF;Estados Unidos
SharkNinja Inc;SN;Estados Unidos
Shake Shack Inc;SHAK;Estados Unidos
Trane Technologies plc;TT;Estados Unidos
Westlake Corporation;WLK;Estados Unidos
Archrock Inc;AROC;Estados Unidos
Wolverine World Wide, Inc;WWW;Estados Unidos
PACS Group Inc;PACS;Estados Unidos
Getty Images Holdings Inc;GETY;Estados Unidos
Deere & Co;DE;Estados Unidos
ArcelorMittal;MT;Estados Unidos
Redwood Trust Inc;RWT;Estados Unidos
Bunge Global SA;BG;Estados Unidos
Xylem Inc;XYL;Estados Unidos
Oge Energy Corp;OGE;Estados Unidos
Compass Diversified Holdings;CODI;Estados Unidos
Matador Resources Co;MTDR;Estados Unidos
Hartford Insurance Group Inc.(The);HIG;Estados Unidos
Centuri Holdings Inc;CTRI;Estados Unidos
Revvity Inc;RVTY;Estados Unidos
Sociedad Quimica Y Minera de Chile S.A. ADR;SQM;Estados Unidos
Canadian National Railway Co;CNI;Estados Unidos
Alcon Inc;ALC;Estados Unidos
PSQ Holdings Inc;PSQH;Estados Unidos
Republic Services, Inc;RSG;Estados Unidos
BARK Inc;BARK;Estados Unidos
Crown Holdings, Inc;CCK;Estados Unidos
Planet Fitness Inc;PLNT;Estados Unidos
Janus International Group Inc;JBI;Estados Unidos
Hayward Holdings Inc;HAYW;Estados Unidos
Destiny Tech100 Inc;DXYZ;Estados Unidos
BlackSky Technology Inc;BKSY;Estados Unidos
Gildan Activewear Inc;GIL;Estados Unidos
Simon Property Group, Inc;SPG;Estados Unidos
XPLR Infrastructure LP;XIFR;Estados Unidos
Energizer Holdings Inc;ENR;Estados Unidos
Hinge Health Inc;HNGE;Estados Unidos
TEGNA Inc;TGNA;Estados Unidos
NNN REIT Inc;NNN;Estados Unidos
Pinnacle Financial Partners Inc;PNFP;Estados Unidos
Parsons Corp;PSN;Estados Unidos
Valaris Ltd;VAL;Estados Unidos
Hess Midstream LP;HESM;Estados Unidos
Wolfspeed Inc;WOLF;Estados Unidos
Goldman Sachs BDC Inc;GSBD;Estados Unidos
ATRenew Inc ADR;RERE;Estados Unidos
Grindr Inc;GRND;Estados Unidos
Chegg Inc;CHGG;Estados Unidos
Transalta Corp;TAC;Estados Unidos
Owens Corning;OC;Estados Unidos
Whirlpool Corp;WHR;Estados Unidos
JELD-WEN Holding Inc;JELD;Estados Unidos
UL Solutions Inc;ULS;Estados Unidos
Dr. Reddy's Laboratories Ltd. ADR;RDY;Estados Unidos
Expeditors International Of Washington, Inc;EXPD;Estados Unidos
Grupo Televisa SAB ADR;TV;Estados Unidos
Dicks Sporting Goods, Inc;DKS;Estados Unidos
Unum Group;UNM;Estados Unidos
STAG Industrial Inc;STAG;Estados Unidos
Netstreit Corp;NTST;Estados Unidos
Yum China Holdings Inc;YUMC;Estados Unidos
Constellium SE;CSTM;Estados Unidos
Modine Manufacturing Co;MOD;Estados Unidos
Globus Medical Inc;GMED;Estados Unidos
Camden Property Trust;CPT;Estados Unidos
YPF ADR;YPF;Estados Unidos
Blackstone Mortgage Trust Inc;BXMT;Estados Unidos
Resideo Technologies Inc;REZI;Estados Unidos
Motorola Solutions Inc;MSI;Estados Unidos
SFL Corporation Ltd;SFL;Estados Unidos
Clear Secure Inc;YOU;Estados Unidos
Twenty One Capital Inc;XXI;Estados Unidos
Bakkt Inc;BKKT;Estados Unidos
Stride Inc;LRN;Estados Unidos
Hudson Pacific Properties Inc;HPP;Estados Unidos
Waste Connections Inc;WCN;Estados Unidos
Ametek Inc;AME;Estados Unidos
Fidelity National Financial Inc;FNF;Estados Unidos
FinVolution Group ADR;FINV;Estados Unidos
Empire State Realty Trust Inc;ESRT;Estados Unidos
Ferguson Enterprises Inc;FERG;Estados Unidos
Cencora Inc;COR;Estados Unidos
Delek US Holdings Inc;DK;Estados Unidos
Pembina Pipeline Corporation;PBA;Estados Unidos
Yext Inc;YEXT;Estados Unidos
Targa Resources Corp;TRGP;Estados Unidos
Flowserve Corp;FLS;Estados Unidos
SITE Centers Corp;SITC;Estados Unidos
Highwoods Properties, Inc;HIW;Estados Unidos
Sasol Ltd ADR;SSL;Estados Unidos
A.O. Smith Corp;AOS;Estados Unidos
Illinois Tool Works, Inc;ITW;Estados Unidos
Raymond James Financial, Inc;RJF;Estados Unidos
KBR Inc;KBR;Estados Unidos
Eve Holding Inc;EVEX;Estados Unidos
Ecolab, Inc;ECL;Estados Unidos
OR Royalties Inc;OR;Estados Unidos
Guidewire Software Inc;GWRE;Estados Unidos
National Storage Affiliates Trust;NSA;Estados Unidos
Lufax Holding Ltd ADR;LU;Estados Unidos
Ecovyst Inc;ECVT;Estados Unidos
SL Green Realty Corp;SLG;Estados Unidos
Tri Pointe Homes Inc;TPH;Estados Unidos
L3Harris Technologies Inc;LHX;Estados Unidos
Treehouse Foods Inc;THS;Estados Unidos
Outfront Media Inc;OUT;Estados Unidos
General Dynamics Corp;GD;Estados Unidos
Acadia Realty Trust;AKR;Estados Unidos
HubSpot Inc;HUBS;Estados Unidos
MFA Financial Inc;MFA;Estados Unidos
USA TODAY Co Inc;TDAY;Estados Unidos
Mueller Water Products Inc;MWA;Estados Unidos
OneMain Holdings Inc;OMF;Estados Unidos
Atmos Energy Corp;ATO;Estados Unidos
Gartner, Inc;IT;Estados Unidos
Extra Space Storage Inc;EXR;Estados Unidos
Brinker International, Inc;EAT;Estados Unidos
Braskem S.A. ADR;BAK;Estados Unidos
W. P. Carey Inc;WPC;Estados Unidos
XFLH Capital Corp;XFLH-U;Estados Unidos
SmartRent Inc;SMRT;Estados Unidos
Imax Corp;IMAX;Estados Unidos
First Bancorp PR;FBP;Estados Unidos
Aercap Holdings N.V;AER;Estados Unidos
Home Bancshares Inc;HOMB;Estados Unidos
Royal Bank Of Canada;RY;Estados Unidos
McEwen Inc;MUX;Estados Unidos
Globant S.A;GLOB;Estados Unidos
RB Global Inc;RBA;Estados Unidos
Toll Brothers Inc;TOL;Estados Unidos
Agree Realty Corp;ADC;Estados Unidos
Wyndham Hotels & Resorts Inc;WH;Estados Unidos
Aon plc;AON;Estados Unidos
SK Telecom Co Ltd ADR;SKM;Estados Unidos
Norfolk Southern Corp;NSC;Estados Unidos
SelectQuote Inc;SLQT;Estados Unidos
Grupo Supervielle S.A. ADR;SUPV;Estados Unidos
KB Home;KBH;Estados Unidos
Hexcel Corp;HXL;Estados Unidos
Arcos Dorados Holdings Inc;ARCO;Estados Unidos
Western Midstream Partners LP;WES;Estados Unidos
Nomura Holdings Inc. ADR;NMR;Estados Unidos
Gray Media Inc;GTN;Estados Unidos
Arlo Technologies Inc;ARLO;Estados Unidos
Pinnacle West Capital Corp;PNW;Estados Unidos
HCA Healthcare Inc;HCA;Estados Unidos
Adient plc;ADNT;Estados Unidos
GXO Logistics Inc;GXO;Estados Unidos
Dover Corp;DOV;Estados Unidos
Public Storage;PSA;Estados Unidos
Vontier Corporation;VNT;Estados Unidos
ICL Group Ltd;ICL;Estados Unidos
Tenaris S.A. ADR;TS;Estados Unidos
Pennymac Mortgage Investment Trust;PMT;Estados Unidos
Companhia de Saneamento Basico do Estado de Sao Paulo. ADR;SBS;Estados Unidos
Williams-Sonoma, Inc;WSM;Estados Unidos
SunCoke Energy Inc;SXC;Estados Unidos
Encompass Health Corp;EHC;Estados Unidos
Jabil Inc;JBL;Estados Unidos
Seabridge Gold, Inc;SA;Estados Unidos
Designer Brands Inc;DBI;Estados Unidos
Nerdy Inc;NRDY;Estados Unidos
Atlantic Union Bankshares Corp;AUB;Estados Unidos
Yelp Inc;YELP;Estados Unidos
Apollo Commercial Real Estate Finance Inc;ARI;Estados Unidos
AMN Healthcare Services Inc;AMN;Estados Unidos
LATAM Airlines Group S.A. ADR;LTM;Estados Unidos
COPT Defense Properties;CDP;Estados Unidos
Genuine Parts Co;GPC;Estados Unidos
Centrus Energy Corp;LEU;Estados Unidos
Hafnia Ltd;HAFN;Estados Unidos
Keysight Technologies Inc;KEYS;Estados Unidos
Commercial Metals Co;CMC;Estados Unidos
Insperity Inc;NSP;Estados Unidos
Generac Holdings Inc;GNRC;Estados Unidos
Canadian Imperial Bank Of Commerce;CM;Estados Unidos
Alliance Laundry Holdings Inc;ALH;Estados Unidos
Avalonbay Communities Inc;AVB;Estados Unidos
ManpowerGroup;MAN;Estados Unidos
CVR Energy Inc;CVI;Estados Unidos
Adc Therapeutics SA;ADCT;Estados Unidos
Kennametal Inc;KMT;Estados Unidos
Rentokil Initial Plc. ADR;RTO;Estados Unidos
Paycom Software Inc;PAYC;Estados Unidos
IHS Holding Ltd;IHS;Estados Unidos
Carters Inc;CRI;Estados Unidos
Par Pacific Holdings Inc;PARR;Estados Unidos
Kinetik Holdings Inc;KNTK;Estados Unidos
RPM International, Inc;RPM;Estados Unidos
Prosperity Bancshares Inc;PB;Estados Unidos
United Parks & Resorts Inc;PRKS;Estados Unidos
Honda Motor ADR;HMC;Estados Unidos
M & T Bank Corp;MTB;Estados Unidos
DaVita Inc;DVA;Estados Unidos
Jacobs Solutions Inc;J;Estados Unidos
Louisiana-Pacific Corp;LPX;Estados Unidos
TotalEnergies SE;TTE;Estados Unidos
Quest Diagnostics, Inc;DGX;Estados Unidos
PennantPark Floating Rate Capital Ltd;PFLT;Estados Unidos
Accelerant Holdings;ARX;Estados Unidos
ZipRecruiter Inc;ZIP;Estados Unidos
Scorpio Tankers Inc;STNG;Estados Unidos
VAALCO Energy, Inc;EGY;Estados Unidos
New America Acquisition I Corp;NWAX-U;Estados Unidos
Solventum Corp;SOLV;Estados Unidos
Virtu Financial Inc;VIRT;Estados Unidos
Tuya Inc ADR;TUYA;Estados Unidos
Black Hills Corporation;BKH;Estados Unidos
N-able Inc;NABL;Estados Unidos
Clearway Energy Inc;CWEN;Estados Unidos
Fiverr International Ltd;FVRR;Estados Unidos
Newsmax Inc;NMAX;Estados Unidos
Expro Group Holdings N.V;XPRO;Estados Unidos
Mohawk Industries, Inc;MHK;Estados Unidos
Radian Group, Inc;RDN;Estados Unidos
Resmed Inc;RMD;Estados Unidos
Portland General Electric Co;POR;Estados Unidos
Calix Inc;CALX;Estados Unidos
Rogers Communications Inc;RCI;Estados Unidos
HA Sustainable Infrastructure Capital Inc;HASI;Estados Unidos
Ardagh Metal Packaging S.A;AMBP;Estados Unidos
RH;RH;Estados Unidos
Miami International Holdings Inc;MIAX;Estados Unidos
Turkcell Iletisim Hizmetleri A.S. ADR;TKC;Estados Unidos
Ginkgo Bioworks Holdings Inc;DNA;Estados Unidos
Trinseo PLC;TSE;Estados Unidos
Quanta Services, Inc;PWR;Estados Unidos
First Industrial Realty Trust, Inc;FR;Estados Unidos
Mid-America Apartment Communities, Inc;MAA;Estados Unidos
Zevia PBC;ZVIA;Estados Unidos
Moody's Corp;MCO;Estados Unidos
BWX Technologies Inc;BWXT;Estados Unidos
TKO Group Holdings Inc;TKO;Estados Unidos
ITT Inc;ITT;Estados Unidos
Silgan Holdings Inc;SLGN;Estados Unidos
Tenet Healthcare Corp;THC;Estados Unidos
Taylor Morrison Home Corp;TMHC;Estados Unidos
Vtex;VTEX;Estados Unidos
Garmin Ltd;GRMN;Estados Unidos
Revolve Group Inc;RVLV;Estados Unidos
Eastman Kodak Co;KODK;Estados Unidos
Brookfield Renewable Corp;BEPC;Estados Unidos
Toro Co;TTC;Estados Unidos
Vulcan Materials Co;VMC;Estados Unidos
Burlington Stores Inc;BURL;Estados Unidos
CoreCivic Inc;CXW;Estados Unidos
Lazard Inc;LAZ;Estados Unidos
Vista Energy S.A.B. de C.V ADR;VIST;Estados Unidos
Service Corp. International;SCI;Estados Unidos
BlackRock Technology and Private Equity Term Trust;BTX;Estados Unidos
Broadridge Financial Solutions, Inc;BR;Estados Unidos
Schneider National Inc;SNDR;Estados Unidos
Sonoco Products Co;SON;Estados Unidos
Skeena Resources Ltd;SKE;Estados Unidos
Cango Inc;CANG;Estados Unidos
Zurn Elkay Water Solutions Corp;ZWS;Estados Unidos
Enovis Corp;ENOV;Estados Unidos
Telephone And Data Systems, Inc;TDS;Estados Unidos
BETA Technologies Inc;BETA;Estados Unidos
Cummins Inc;CMI;Estados Unidos
Alexander & Baldwin Inc;ALEX;Estados Unidos
KKR Real Estate Finance Trust Inc;KREF;Estados Unidos
Concentra Group Holdings Parent Inc;CON;Estados Unidos
PVH Corp;PVH;Estados Unidos
New Oriental Education & Technology Group Inc. ADR;EDU;Estados Unidos
Meritage Homes Corp;MTH;Estados Unidos
NET Power Inc;NPWR;Estados Unidos
Glacier Bancorp, Inc;GBCI;Estados Unidos
Pearson plc ADR;PSO;Estados Unidos
BankUnited Inc;BKU;Estados Unidos
Fortis Inc;FTS;Estados Unidos
Penumbra Inc;PEN;Estados Unidos
Oceaneering International, Inc;OII;Estados Unidos
Primoris Services Corp;PRIM;Estados Unidos
Tanger Inc;SKT;Estados Unidos
Western Alliance Bancorp;WAL;Estados Unidos
Kennedy-Wilson Holdings Inc;KW;Estados Unidos
Rockwell Automation Inc;ROK;Estados Unidos
Vail Resorts Inc;MTN;Estados Unidos
Graco Inc;GGG;Estados Unidos
Post Holdings Inc;POST;Estados Unidos
South Bow Corp;SOBO;Estados Unidos
Annovis Bio Inc;ANVS;Estados Unidos
Allied Gold Corp;AAUC;Estados Unidos
Par Technology Corp;PAR;Estados Unidos
Regal Rexnord Corp;RRX;Estados Unidos
Select Medical Holdings Corporation;SEM;Estados Unidos
United Natural Foods Inc;UNFI;Estados Unidos
Packaging Corp Of America;PKG;Estados Unidos
Armada Hoffler Properties Inc;AHH;Estados Unidos
Magnera Corp;MAGN;Estados Unidos
Carpenter Technology Corp;CRS;Estados Unidos
Provident Financial Services Inc;PFS;Estados Unidos
Signet Jewelers Ltd;SIG;Estados Unidos
TXNM Energy Inc;TXNM;Estados Unidos
Allison Transmission Holdings Inc;ALSN;Estados Unidos
Leidos Holdings Inc;LDOS;Estados Unidos
Hillenbrand Inc;HI;Estados Unidos
Polaris Inc;PII;Estados Unidos
Factset Research Systems Inc;FDS;Estados Unidos
West Pharmaceutical Services, Inc;WST;Estados Unidos
Voya Financial Inc;VOYA;Estados Unidos
World Kinect Corp;WKC;Estados Unidos
Brunswick Corp;BC;Estados Unidos
Stifel Financial Corp;SF;Estados Unidos
Green Dot Corp;GDOT;Estados Unidos
Four Corners Property Trust Inc;FCPT;Estados Unidos
Woodside Energy Group Ltd ADR;WDS;Estados Unidos
Urban Edge Properties;UE;Estados Unidos
Seadrill Ltd;SDRL;Estados Unidos
Moelis & Co;MC;Estados Unidos
Perimeter Solutions Inc;PRM;Estados Unidos
Kemper Corporation;KMPR;Estados Unidos
Angel Studios Inc;ANGX;Estados Unidos
Allegion plc;ALLE;Estados Unidos
Northrop Grumman Corp;NOC;Estados Unidos
EPAM Systems Inc;EPAM;Estados Unidos
Embraer S.A. ADR;EMBJ;Estados Unidos
Bread Financial Holdings Inc;BFH;Estados Unidos
California Resources Corporation;CRC;Estados Unidos
Savers Value Village Inc;SVV;Estados Unidos
KinderCare Learning Companies Inc;KLC;Estados Unidos
Adecoagro S.A;AGRO;Estados Unidos
Openlane Inc;OPLN;Estados Unidos
Chimera Investment Corp;CIM;Estados Unidos
Teleflex Incorporated;TFX;Estados Unidos
Haemonetics Corp;HAE;Estados Unidos
BRC Inc;BRCC;Estados Unidos
Avient Corp;AVNT;Estados Unidos
Morgan Stanley Direct Lending Fund;MSDL;Estados Unidos
Boyd Gaming Corp;BYD;Estados Unidos
Custom Truck One Source Inc;CTOS;Estados Unidos
Mueller Industries, Inc;MLI;Estados Unidos
Prudential plc ADR;PUK;Estados Unidos
Warrior Met Coal Inc;HCC;Estados Unidos
Beacon Financial Corp;BBT;Estados Unidos
Scotts Miracle-Gro Company;SMG;Estados Unidos
Canada Goose Holdings Inc;GOOS;Estados Unidos
Xenia Hotels & Resorts Inc;XHR;Estados Unidos
RLI Corp;RLI;Estados Unidos
BKV Corp;BKV;Estados Unidos
Caleres Inc;CAL;Estados Unidos
Mastec Inc;MTZ;Estados Unidos
Telefonica Brasil S.A., ADR;VIV;Estados Unidos
First American Financial Corp;FAF;Estados Unidos
Emergent Biosolutions Inc;EBS;Estados Unidos
Onto Innovation Inc;ONTO;Estados Unidos
Hyatt Hotels Corporation;H;Estados Unidos
Koninklijke Philips N.V. ADR;PHG;Estados Unidos
Charles River Laboratories International Inc;CRL;Estados Unidos
Franklin BSP Realty Trust Inc;FBRT;Estados Unidos
Cbiz Inc;CBZ;Estados Unidos
MNTN Inc;MNTN;Estados Unidos
United Community Banks Inc;UCB;Estados Unidos
Quanex Building Products Corp;NX;Estados Unidos
Universal Technical Institute Inc;UTI;Estados Unidos
Franco-Nevada Corporation;FNV;Estados Unidos
AGCO Corp;AGCO;Estados Unidos
Curbline Properties Corp;CURB;Estados Unidos
Loews Corp;L;Estados Unidos
Westinghouse Air Brake Technologies Corp;WAB;Estados Unidos
Q2 Holdings Inc;QTWO;Estados Unidos
Glaukos Corporation;GKOS;Estados Unidos
SouthState Bank Corp;SSB;Estados Unidos
Hilton Grand Vacations Inc;HGV;Estados Unidos
Dole plc;DOLE;Estados Unidos
Waters Corp;WAT;Estados Unidos
Ashland Inc;ASH;Estados Unidos
TD Synnex Corp;SNX;Estados Unidos
Trinity Industries, Inc;TRN;Estados Unidos
Veris Residential Inc;VRE;Estados Unidos
Bright Horizons Family Solutions, Inc;BFAM;Estados Unidos
